0,"00540ebe-d279-3069-98fb-b01de75a6cc0",null
1,"Easy To Ignore",null
2,"https://lh3.ggpht.com/z-XlNow_urL2a0jLyD_GRcxJEmgxaGFXakw_6ePnJaL3r1e8JYkZlfehkbSsoA"
3,"Sixpence None The Richer"
4,"Sixpence None The Richer"
5,"Sixpence None The Richer"
6,"easy to ignore"
7,"sixpence none the richer"
8,"sixpence none the richer"
9,"sixpence none the richer"
10,""
11,"Alternative"
12,null
13,232775
14,5
15,0
16,0
17,0
18,1998
19,0
20,null
21,null
22,0
23,0
24,1369096531748683
25,1385273200002763
26,null
27,"Tekcn4zgs3nmh5rbckjqdzs2ava"
28,"Tekcn4zgs3nmh5rbckjqdzs2ava"
29,6
30,""
31,null
32,"Bidxiog2af6mr44gkcr3ewheoly"
33,"Ae5qt3v6cayx6btlp6rxm46lbwq"
34,320
35,1369096531747000
36,"https://lh3.googleusercontent.com/BpLsOLxkoXa63cVkqsSKKS-679rF6pD5vQCavlhjsTXLOMeIt5HECEcgnIb6LF0HFlLV3wiKVQ"
37,null
38,null
39,Array[0]
40,null
41,null
42,null
43,""
44,null
45,null
46,null
47,null
48,null
49,null
50,"Tekcn4zgs3nmh5rbckjqdzs2ava"
51,Array[0]
52,null
53,null
54,null
55,null
56,0
57,null
58,null
59,Array[1]
60,true
61,1
